{
  "basis": "it",
  "draws": 10000,
  "h100e_delta_mean_m": -14.6256,
  "h100e_delta_p50_m": -14.0,
  "mean": 25.50245572195816,
  "p05": 16.920999297156218,
  "p10": 18.31956619280287,
  "p25": 21.221954884942136,
  "p50": 26.254602035542195,
  "p75": 29.758652190088206,
  "p90": 31.78719667723029,
  "p95": 32.88642449046735,
  "scalars": {
    "announced_horizon_gw": 42.467,
    "conservative_gw": 22.23,
    "full_realization_gw": 45.237,
    "prob_weighted_point_gw": 29.899,
    "raw_non_stretch_gw": 36.526
  },
  "scenario_frequency": {
    "A_stargate_12mo_slip": 0.1531,
    "B_neocloud_spread_300bps": 0.1002,
    "C_grid_24mo_slip_ERCOT_MISO_PJM": 0.2505,
    "D_chip_2Q_slip": 0.4979,
    "E_inference_outpaces_training": 0.55,
    "F_lab_revenue_rpo_stress": 0.152,
    "S_systemic_infrastructure_stress": 0.1461,
    "U1_grid_interconnection_acceleration": 0.1959,
    "U2_neocloud_financing_open": 0.1994,
    "U3_t4_over_realization": 0.1511,
    "U4_silicon_acceleration": 0.2509
  },
  "seed": 20260424,
  "std": 5.179475583440245,
  "t4_prior": [
    0.58,
    0.4,
    0.75
  ],
  "t4_prob": 0.58,
  "tier_gw": {
    "T1": 6.279,
    "T2": 10.707,
    "T3": 5.245,
    "T4": 14.036,
    "T5": 5.941,
    "T6": 0.26
  }
}
