{
  "basis": "facility",
  "draws": 10000,
  "h100e_delta_mean_m": -14.6256,
  "h100e_delta_p50_m": -14.0,
  "mean": 28.35685662713377,
  "p05": 19.65212259755844,
  "p10": 21.064004025484337,
  "p25": 24.088117534253527,
  "p50": 29.029216627737483,
  "p75": 32.63558046488118,
  "p90": 34.7698203190351,
  "p95": 35.93737260118025,
  "scalars": {
    "announced_horizon_gw": 46.641,
    "conservative_gw": 23.777,
    "full_realization_gw": 49.66,
    "prob_weighted_point_gw": 32.757,
    "raw_non_stretch_gw": 39.894
  },
  "scenario_frequency": {
    "A_stargate_12mo_slip": 0.1531,
    "B_neocloud_spread_300bps": 0.1002,
    "C_grid_24mo_slip_ERCOT_MISO_PJM": 0.2505,
    "D_chip_2Q_slip": 0.4979,
    "E_inference_outpaces_training": 0.55,
    "F_lab_revenue_rpo_stress": 0.152,
    "S_systemic_infrastructure_stress": 0.1461,
    "U1_grid_interconnection_acceleration": 0.1959,
    "U2_neocloud_financing_open": 0.1994,
    "U3_t4_over_realization": 0.1511,
    "U4_silicon_acceleration": 0.2509
  },
  "seed": 20260424,
  "std": 5.250127894150483,
  "t4_prior": [
    0.58,
    0.4,
    0.75
  ],
  "t4_prob": 0.58,
  "tier_gw": {
    "T1": 7.369,
    "T2": 11.908,
    "T3": 4.5,
    "T4": 15.789,
    "T5": 6.747,
    "T6": 0.328
  }
}
