basis,draw_count,seed,input_canonical_totals_hash,mean,std_dev,p05,p10,p25,p50,p75,p90,p95,tail_probabilities_json
facility,10000,20260424,c0caeaf90e566de476a939fa1d57b55d0b3728c22604538842a80a6bbd655948,30.742779803098216,5.2895162587034745,21.926167850110176,23.445379101200785,26.46987655355361,31.406426173996955,35.03625767986295,37.233913813467495,38.40910312328809,"{""lt_announced_49.813"": 1.0, ""lt_conservative_26.262"": 0.24, ""lt_probability_weighted_35.143"": 0.758, ""lt_raw_non_stretch_43.066"": 1.0}"
