{
  "basis": "facility",
  "draws": 10000,
  "h100e_delta_mean_m": -14.6256,
  "h100e_delta_p50_m": -14.0,
  "mean": 30.742779803098216,
  "p05": 21.926167850110176,
  "p10": 23.445379101200785,
  "p25": 26.46987655355361,
  "p50": 31.406426173996955,
  "p75": 35.03625767986295,
  "p90": 37.233913813467495,
  "p95": 38.40910312328809,
  "scalars": {
    "announced_horizon_gw": 49.813,
    "conservative_gw": 26.262,
    "full_realization_gw": 53.115,
    "prob_weighted_point_gw": 35.143,
    "raw_non_stretch_gw": 43.066
  },
  "scenario_frequency": {
    "A_stargate_12mo_slip": 0.1531,
    "B_neocloud_spread_300bps": 0.1002,
    "C_grid_24mo_slip_ERCOT_MISO_PJM": 0.2505,
    "D_chip_2Q_slip": 0.4979,
    "E_inference_outpaces_training": 0.55,
    "F_lab_revenue_rpo_stress": 0.152,
    "S_systemic_infrastructure_stress": 0.1461,
    "U1_grid_interconnection_acceleration": 0.1959,
    "U2_neocloud_financing_open": 0.1994,
    "U3_t4_over_realization": 0.1511,
    "U4_silicon_acceleration": 0.2509
  },
  "seed": 20260424,
  "std": 5.2895162587034745,
  "t4_prior": [
    0.58,
    0.4,
    0.75
  ],
  "t4_prob": 0.58,
  "tier_gw": {
    "T1": 7.369,
    "T2": 12.413,
    "T3": 6.48,
    "T4": 16.476,
    "T5": 6.747,
    "T6": 0.328
  }
}
