{
  "basis": "facility",
  "draws": 10000,
  "h100e_delta_mean_m": -14.6256,
  "h100e_delta_p50_m": -14.0,
  "mean": 31.759601152041668,
  "p05": 22.832888672746385,
  "p10": 24.36214939302041,
  "p25": 27.464402749066764,
  "p50": 32.37675310666142,
  "p75": 36.05707706577791,
  "p90": 38.32671559222389,
  "p95": 39.54508385958237,
  "scalars": {
    "announced_horizon_gw": 51.427,
    "conservative_gw": 26.465,
    "full_realization_gw": 54.724,
    "prob_weighted_point_gw": 36.162,
    "raw_non_stretch_gw": 44.673
  },
  "scenario_frequency": {
    "A_stargate_12mo_slip": 0.1531,
    "B_neocloud_spread_300bps": 0.1002,
    "C_grid_24mo_slip_ERCOT_MISO_PJM": 0.2505,
    "D_chip_2Q_slip": 0.4979,
    "E_inference_outpaces_training": 0.55,
    "F_lab_revenue_rpo_stress": 0.152,
    "S_systemic_infrastructure_stress": 0.1461,
    "U1_grid_interconnection_acceleration": 0.1959,
    "U2_neocloud_financing_open": 0.1994,
    "U3_t4_over_realization": 0.1511,
    "U4_silicon_acceleration": 0.2509
  },
  "seed": 20260424,
  "std": 5.341983980963054,
  "t4_prior": [
    0.58,
    0.4,
    0.75
  ],
  "t4_prob": 0.58,
  "tier_gw": {
    "T1": 7.56,
    "T2": 12.425,
    "T3": 6.48,
    "T4": 17.88,
    "T5": 6.754,
    "T6": 0.328
  }
}
