basis,draw_count,seed,input_canonical_totals_hash,mean,std_dev,p05,p10,p25,p50,p75,p90,p95,tail_probabilities_json
facility,10000,20260424,458ecc46d0bd65cfd9fe24e22dbc9e6da28b321cf366716fd0952f9c2e19e841,28.181093039133547,5.286655566939304,19.394969372255282,20.855472780494843,23.908047116940516,28.828988474016427,32.46523758406218,34.66395856969972,35.855344976269855,"{""lt_conservative_22.927"": 0.202, ""lt_probability_weighted_32.582"": 0.761, ""lt_raw_non_stretch_39.044"": 0.997, ""lt_announced_47.901"": 1.0}"
