{
  "basis": "it",
  "draws": 10000,
  "h100e_delta_mean_m": -14.6256,
  "h100e_delta_p50_m": -14.0,
  "mean": 23.51349783630729,
  "p05": 15.005031230222826,
  "p10": 16.371124284347726,
  "p25": 19.22464903214785,
  "p50": 24.322238603701106,
  "p75": 27.765949150986934,
  "p90": 29.721657566100504,
  "p95": 30.83844829619809,
  "scalars": {
    "announced_horizon_gw": 39.808,
    "conservative_gw": 20.207,
    "full_realization_gw": 42.324,
    "prob_weighted_point_gw": 27.874,
    "raw_non_stretch_gw": 33.867
  },
  "scenario_frequency": {
    "A_stargate_12mo_slip": 0.1531,
    "B_neocloud_spread_300bps": 0.1002,
    "C_grid_24mo_slip_ERCOT_MISO_PJM": 0.2505,
    "D_chip_2Q_slip": 0.4979,
    "E_inference_outpaces_training": 0.55,
    "F_lab_revenue_rpo_stress": 0.152,
    "S_systemic_infrastructure_stress": 0.1461,
    "U1_grid_interconnection_acceleration": 0.1959,
    "U2_neocloud_financing_open": 0.1994,
    "U3_t4_over_realization": 0.1511,
    "U4_silicon_acceleration": 0.2509
  },
  "seed": 20260424,
  "std": 5.149743602245874,
  "t4_prior": [
    0.58,
    0.4,
    0.75
  ],
  "t4_prob": 0.58,
  "tier_gw": {
    "T1": 6.279,
    "T2": 10.268,
    "T3": 3.661,
    "T4": 13.401,
    "T5": 5.941,
    "T6": 0.26
  }
}
