{
  "basis": "facility",
  "draws": 10000,
  "h100e_delta_mean_m": -14.6256,
  "h100e_delta_p50_m": -14.0,
  "mean": 28.181093039133547,
  "p05": 19.394969372255282,
  "p10": 20.855472780494843,
  "p25": 23.908047116940516,
  "p50": 28.828988474016427,
  "p75": 32.46523758406218,
  "p90": 34.66395856969972,
  "p95": 35.855344976269855,
  "scalars": {
    "announced_horizon_gw": 47.901,
    "conservative_gw": 22.927,
    "full_realization_gw": 54.21,
    "prob_weighted_point_gw": 32.582,
    "raw_non_stretch_gw": 39.044
  },
  "scenario_frequency": {
    "A_stargate_12mo_slip": 0.1531,
    "B_neocloud_spread_300bps": 0.1002,
    "C_grid_24mo_slip_ERCOT_MISO_PJM": 0.2505,
    "D_chip_2Q_slip": 0.4979,
    "E_inference_outpaces_training": 0.55,
    "F_lab_revenue_rpo_stress": 0.152,
    "S_systemic_infrastructure_stress": 0.1461,
    "U1_grid_interconnection_acceleration": 0.1959,
    "U2_neocloud_financing_open": 0.1994,
    "U3_t4_over_realization": 0.1511,
    "U4_silicon_acceleration": 0.2509
  },
  "seed": 20260424,
  "std": 5.286655566939304,
  "t4_prior": [
    0.58,
    0.4,
    0.75
  ],
  "t4_prob": 0.58,
  "tier_gw": {
    "T1": 6.519,
    "T2": 11.908,
    "T3": 4.5,
    "T4": 15.789,
    "T5": 8.857,
    "T6": 0.328
  }
}
